,ETC 1013,ETC 1023,ETC 1032,ETC 1042,ETC 1052,ETC 1062,ETC 1072,ETC 1092,ETC 1102,ETC 1112,ETC 1122,ETC 1133,ETC 1142,ETC 1153,ETC 1162,ETC 2182,ETC 2202,ETC 2212,ETC 3221,ETC 3241,ETC 3252,ETC 4262,ETC 4271,ETC 4281,ETC 4291,ETT 2013,ETT 2022,ETT 2032,ETT 2042,ETT 2051,ETT 2062,ETT 2072,ETT 2082,ETT 2092,ETT 2102,ETT 2122,ETT 3112,ETT 3122,ETT 3142,ETT 3152,ETT 3183,ETT 3256,ETT 4192,ETT 4202,ETT 4212,ETT 4232,ETT 4242,ETT 4266,ETT 4273,ETT 4283,ETT 4292,ETT 4302,ETT 4312,,,,,,,,,
EGT/19/404,C+,A-,C-,C,B+,A-,B,B-,A-,B,B-,A-,B,B+,B+,C+,C,C,B-,A,C+,C+,B,B-,B+,C,B,B-,D+,A,C,C,C,E(CA),D+,E(CA),B-,A-,B,A,C,B,B+,B-,C+,C,C,B,B,E(ESA),B+,B+,B,,,,,,,,,
EGT/19/409,B+,A+,B,A+,A+,A+,B+,A,A-,A,A,A+,A-,A,C+,B-,B,B,B+,B+,B,B,C+,B+,B+,C+,A+,B-,C,A-,B+,A+,B,C+,C+,B+,A,A-,B+,A,C,A,A-,A,A,A+,B+,A,A-,B-,A-,A-,A,,,,,,,,,
EGT/19/414,B+,A-,B+,B,A-,A+,B,B+,B+,B,B+,A,B+,A-,A-,A+,A,B-,A-,A,B+,A+,B-,A-,A+,A-,A,B+,A-,A+,A,A,A+,B+,A+,B,A+,A+,A,A+,B,A+,A,A+,B,A+,A+,A,A+,B+,A+,A+,A+,,,,,,,,,
EGT/19/415,B,A,B+,B-,B+,A+,B,B+,B,B+,A,B+,A-,A-,B+,B,C,A,B-,A-,B,A,C,A+,A,C+,B+,B-,C,A+,A-,B+,B-,C,B-,C+,A,A,C+,B-,D,A,A,A-,B,B+,A,A,A,B-,B-,A+,B+,,,,,,,,,
EGT/19/427,A-,A+,B+,B,A-,E(CA),B,A,A-,A+,A,A,A-,B+,B,E(CA & ESA),E(ESA),E(CA) & AB(ESA),E(CA),B-,C+,C,C+,E(ESA),B-,E(CA & ESA),E(CA),E(CA & ESA),E(ESA),C,C,B,C-,E(ESA),E(CA & ESA),E(ESA),C+,E(ESA),E(CA),AB(ESA),E(CA & ESA),AB(ESA),B-,B,E(ESA),C,C+,AB(ESA),E(CA),E(ESA),C+,C,C+,,,,,,,,,
EGT/19/432,B+,A,C+,A+,B+,A,B+,B,A,A,B+,B+,A-,A-,B-,C+,C+,B+,C+,C,B-,C,C,B,B,C,B-,C+,B-,C+,B,A-,B-,C,C,C-,B-,C+,B-,C,C+,A-,B,C+,B,B+,C+,A,B-,C-,C,B-,B-,,,,,,,,,
EGT/19/433,B,A,C,A,A+,A+,A-,A-,B+,A+,A-,B+,A-,B+,A-,B+,A-,A-,A-,B+,B+,B+,B+,A-,B-,B+,A,B+,C,B-,A-,A,B-,A-,C,B-,A,B,A,A+,A,A-,A-,A+,A,A,A-,A+,A,C+,B,A-,A,,,,,,,,,
EGT/19/445,B+,B+,C,B+,A-,A+,B,A-,B-,B-,B+,C+,A-,A-,A-,B+,C+,B,B+,A-,A,B-,B-,A-,A,C,A,B,C,A-,B+,A,B+,B,C,C+,B+,A+,C,B+,C,A,A,A,B,A,A-,A+,A+,C,A,A,A,,,,,,,,,
EGT/19/452,C+,B,B,B-,B,A,B,A-,A,A,B,A+,B,A,A-,E(ESA),C,A-,B+,A-,B-,D+,B,B+,B,E(ESA),A-,C+,E(ESA),B,B,C+,B+,E(ESA),E(ESA),C,B,C+,C,B,E(ESA),A+,B+,C+,B-,B,B+,A+,B-,E(ESA),B-,A-,A,,,,,,,,,
EGT/19/457,A-,C,B,A-,A-,A+,A-,A-,A-,A+,A+,A+,B+,A-,A-,B+,C+,B,C+,B-,B-,B+,A,A,B+,C,A,B-,C+,C+,B-,B+,B,C+,C,B-,B,B,B+,A+,C,A-,B+,A-,A-,B+,B,B,B,B-,A,B+,A,,,,,,,,,
EGT/19/458,B,C+,B+,A,A-,A-,A-,A-,A+,A+,A,B-,A-,A-,A,C,C,B,C+,A,B,B,B+,A-,B+,D+,A,B-,C,B-,B-,B-,B-,D+,C,B-,A,A-,B,A,C,B+,B+,A-,A-,B+,B,A+,B+,C,B+,A,A-,,,,,,,,,
EGT/19/461,B-,A,C,A+,B-,A+,A-,A-,A,B+,A-,A+,A-,B+,B+,A-,C,A+,B-,B+,B-,B-,B,A+,A-,C,B,B,C,A-,B,A,B-,B+,C,B,A+,B-,A-,A+,B-,A,A,B,A,A+,B,A,B+,C-,B,A,A-,,,,,,,,,
EGT/19/464,A-,A,A+,B-,A+,A+,A-,A-,A,A+,A+,A+,A,B,B+,B+,B+,B-,B+,A+,B-,A-,B+,A+,A,B,B+,A-,B-,A+,A-,A,A-,C,C+,B,A-,A+,A,A,B,A+,A,B,B,A,A-,A+,A-,B,B,A,A,,,,,,,,,
EGT/19/494,A-,A,B-,A,A+,A+,B+,A-,A+,A,A+,A+,B+,B,A-,B+,B+,B+,B-,B,B,B-,C+,B,B+,B-,A-,B,B-,A-,A,A-,A-,B+,B,B+,B,A,C+,B+,C+,A-,B-,A-,A,B+,B+,A+,B+,C+,B-,A-,A,,,,,,,,,
EGT/19/497,B,B-,B+,A,B+,A,B,A,A,A+,A,B-,A-,B,B+,E(ESA),C-,C+,C,B-,C+,C-,C+,C,E(ESA),E(ESA),C,C,E(ESA),C,C+,C+,C+,C+,E(ESA),E(ESA),C+,C+,C,B,D,B,C,B-,C+,B+,C+,B,C,E(ESA),C+,B,B,,,,,,,,,
EGT/19/499,B-,C+,C,A-,B+,A,B,B+,A+,A-,A,B-,B+,B,B,A-,B,B-,C+,B,C+,C+,B,B,B+,B-,B+,B+,B-,A+,A,B+,A-,C,C,B-,B+,A,A-,B+,B-,A-,B+,B+,B-,B,B+,B+,A-,C-,B,A-,A,,,,,,,,,
EGT/19/501,B-,A,B-,B,A,A+,B-,A,A,A+,A-,B+,A-,B,A-,B,C,C+,B,A-,C,B+,C+,B-,E(ESA),C+,A-,C,C,A,A,B+,A-,C+,E(ESA),C+,B-,B-,B,A+,C+,A,A-,A-,A-,B+,A-,A+,A,D+,C+,A-,A-,,,,,,,,,
EGT/19/509,C+,B,A-,A-,A-,A,B+,B+,A+,B+,B,A,B+,B+,B-,C,C,B-,B-,B+,B-,C-,C+,C,B+,C+,A+,B,C,A+,A-,B-,A,C-,C+,C+,A,A,B,B+,D,A+,A+,B-,B+,A-,A-,A+,B,C-,B-,A-,A-,,,,,,,,,
EGT/19/512,B,A-,B+,B+,A-,A+,A-,A,B+,A,B+,A+,B-,B,B,B-,C,C+,B,B+,C+,B-,B,B-,B,C,A-,C+,B-,B-,C,A,B+,C-,C+,C,B,B+,C+,A,C-,B+,B,A,B-,A-,B+,B+,A-,D+,C,A,A,,,,,,,,,
EGT/19/514,B+,B,B+,A-,A-,A+,B-,B+,B+,A-,A,B,A-,B-,B,B-,C+,A-,C-,C,B-,,C-,C,E(ESA),C+,B-,C+,E(ESA),C+,C+,C+,C+,B-,E(ESA),E(ESA),C,E(ESA),E(ESA),B-,B-,AB(ESA),,,,,,AB(ESA),,AB(ESA),C,B-,B-,,,,,,,,,
EGT/19/518,A-,A+,B,B,A+,A+,B+,A-,A-,A+,A,A,B+,B+,B,B+,B+,A-,C+,B+,B,C+,B,B+,B,C,A+,B+,C,B-,C+,B-,C+,C+,C,C+,B,B+,A-,B+,B-,B-,C+,B+,B,C+,C+,A-,B+,C-,B-,B+,A-,,,,,,,,,
EGT/19/529,B,A-,B+,B,B+,A,B+,B+,A-,B,B,A+,B-,A,A-,C+,C,B-,C,B-,B-,C,C+,B,B-,C+,A+,B-,B-,B,C+,C+,C+,C,C,C+,B+,C,A-,B,C,B-,B-,A-,B-,B,C+,B+,B-,C-,C,B-,A-,,,,,,,,,
EGT/19/531,B,B+,B+,B,B+,A+,B+,B+,A-,A-,B+,A+,B-,B-,B+,B+,C+,C+,C,B+,B,B,B-,A,B,C,A-,B-,A,B+,B,A-,C,B-,C,C+,B,B+,A-,C,C+,B+,B,A-,B,B,B+,B+,B,C+,C,B,B+,,,,,,,,,
EGT/19/532,B+,A,A-,A-,A-,A+,A-,B,A,A-,B,A+,B,B+,A-,C+,B+,B-,B+,B+,B+,B+,C+,B+,A-,C,A,B,C,B,A-,B-,B,B-,C+,C+,A,B+,A+,A+,A+,A+,B+,B+,B+,B,B+,A+,B-,B,B-,B+,B,,,,,,,,,
EGT/19/548,B-,B+,C,B,B+,A,A-,A-,B+,A-,A-,B,B+,B+,A-,C+,C+,B,B+,B+,B+,A,A-,A,A+,B-,A+,A,B,B-,B+,B+,B+,B,C,B-,A,A+,B+,A+,C,A,A-,A-,A-,A,A+,A+,A+,B,A-,A-,A-,,,,,,,,,
EGT/19/549,B+,A-,B,AB(ESA),B+,A,B+,A+,A-,A-,A-,A-,B,B,B-,AB(ESA),AB(ESA),E(CA) & AB(ESA),AB(ESA),E(CA) & AB(ESA),E(CA) & AB(ESA),E(CA) & AB(ESA),E(CA) & AB(ESA),E(CA) & AB(ESA),E(CA) & AB(ESA),E(CA) & AB(ESA),E(CA) & AB(ESA),E(CA) & AB(ESA),AB(ESA),AB(ESA),E(CA) & AB(ESA),C,C+,E(CA) & AB(ESA),E(CA) & AB(ESA),AB(ESA),E(CA) & AB(ESA),E(CA) & AB(ESA),E(CA) & AB(ESA),AB(ESA),E(CA) & AB(ESA),AB(ESA),E(CA) & AB(ESA),E(CA) & AB(ESA),E(CA) & AB(ESA),E(CA) & AB(ESA),E(CA) & AB(ESA),AB(ESA),E(CA) & AB(ESA),E(CA) & AB(ESA),E(CA) & AB(ESA),E(CA) & AB(ESA),E(CA) & AB(ESA),,,,,,,,,
EGT/19/551,A-,A,C+,A-,A-,A+,B-,A-,A+,B+,A,A+,B,B+,B+,A,B+,B-,C,B-,B-,B-,B-,B+,A-,A-,C+,B-,B-,A,A+,B,A,A+,B-,B,A,B+,B,A+,C+,A,A-,A-,A,B+,A-,A-,A-,C+,A-,A,A,,,,,,,,,
EGT/19/554,B,A-,B+,A+,B+,A-,B-,B+,B+,A,A,A+,B,B,A,B-,C-,B,C,B+,B,C,B-,C+,B,C-,A-,B,E(ESA),A,B+,B-,C+,C+,E(ESA),C+,A+,B,C,B,C,A,A-,B+,B,A-,B-,A-,C,E(ESA),C,B+,B-,,,,,,,,,
EGT/19/555,B-,A,B-,A-,B,A,B,A-,B+,A,A,A+,B,B,B+,C+,C,B,B,A,B,B+,B+,A,A,E(ESA),A-,B-,C,B+,B-,B,B-,C,C,C+,A-,B-,B-,B,C-,A,B+,B+,A-,A,B-,A-,B-,E(ESA),B-,A-,A-,,,,,,,,,
EGT/19/556,B-,A-,B-,A-,B+,A+,B-,B,B,A,A-,B+,B,B-,B+,B-,C+,A,B-,B,B+,B+,B+,B+,A+,B,A,B,C,B,B-,B+,C+,B-,C,B-,A-,B+,B+,A,B,A,B+,B+,B,B,B,A-,C+,C-,C+,B+,B,,,,,,,,,
EGT/19/559,B,B+,A,B-,C,A+,B,A-,A,A-,B+,B,B-,A-,A-,B+,B-,B-,B,B,B-,C,C+,B,B+,C,A+,B-,B-,B,C-,B,C+,B-,C,B,B-,C,C,C,C,C+,C+,B-,A-,B-,B,B-,C+,C-,B-,B,B,,,,,,,,,