,ETC 1013,ETC 1023,ETC 1032,ETC 1042,ETC 1052,ETC 1062,ETC 1072,ETC 1092,ETC 1102,ETC 1112,ETC 1122,ETC 1133,ETC 1142,ETC 1153,ETC 1162,ETC 2182,ETC 2202,ETC 2212,ETC 3221,ETC 3241,ETC 3252,ETC 4262,ETC 4271,ETC 4291,ETM 2013,ETM 2022,ETM 2032,ETM 2042,ETM 2051,ETM 2072,ETM 2082,ETM 2092,ETM 2102,ETM 2112,ETM 2122,ETM 3122,ETM 3142,ETM 3152,ETM 3162,ETM 3183,ETM 3192,ETM 3256,ETM 4192,ETM 4202,ETM 4212,ETM 4222,ETM 4233,ETM 4242,ETM 4266,ETM 4272,ETM 4283,ETM 4292
EGT/19/405,A-,A+,B+,A,A+,A+,A-,A+,A+,A-,A+,B,A-,B+,B+,A,B,A+,B,A+,B+,B,C+,A+,C+,A+,B+,C,A,B-,A-,C,C,B,C+,A,B+,A,B+,B,A+,A,B+,A,A,B,B-,B+,B,A-,B-,B+
EGT/19/412,A,A+,A+,B-,A+,A,A-,B+,A+,A+,A+,A+,A-,A-,A-,B+,A-,A+,A,A,A-,B+,C+,A,C-,A-,B+,C,A,A-,A+,B,C+,B+,B,A+,A+,A+,B,C,B,A-,A+,A-,B+,B,B-,A-,A-,B-,B,B+
EGT/19/418,B,A,B+,B+,B,A,B+,B+,A-,A+,A+,A+,B+,A-,A,A,A-,A+,A-,A+,A-,B+,C+,B,B-,A,B+,B,A+,A,A-,C-,A-,C,B+,A+,B,A-,A-,C+,A+,A-,A-,B,B+,B+,B-,A-,A+,A+,C+,B
EGT/19/420,A,A+,A-,C+,A+,A+,B+,A-,A,A,A+,A+,B,A,B+,A+,C+,A+,A,A-,B-,A,B-,A-,B,A+,B,C,B+,A-,A+,A+,B+,A,A-,B,A-,B,B,A,A+,A-,B+,A-,A,A,C+,A-,A-,B+,A-,A
EGT/19/426,A-,A+,B-,C+,A+,A+,A-,A,A+,B+,A+,A,B,A-,A-,A,B-,A+,B,A,C+,B+,A-,A,C,A+,B+,B-,B-,A,B+,C+,C,C+,B,B,B+,A,A+,B,A-,A,B,A-,A+,B,B+,A,B+,B,B+,B+
EGT/19/428,A-,B+,A,A-,B+,A+,A-,A+,A+,A,A,A+,A,A,A-,A,C+,A+,A-,B,B+,A-,C+,A,C+,A+,B+,C+,A,A-,B+,C+,C+,B-,B-,B,B-,B-,B,C+,B+,A,B,A-,A-,B+,C,B+,C+,B-,A-,B
EGT/19/442,A-,A+,A+,A-,A,A+,B+,A,A+,B,A+,A,A-,A,A-,A,A,A+,A,A+,A-,A+,B,A+,A,A+,A,B-,A+,A+,A,B-,A,B+,A,A,A,A,B,B,A,A-,A-,A+,A,A+,B+,A-,A,A,A,B+
EGT/19/444,B+,A,C,B+,A,A+,B+,A-,A+,A,A+,A,B+,A-,A-,E(ESA),C-,C+,B-,B,B,E(CA) & AB(ESA),C,B,AB(ESA),A-,B,E(ESA),B+,C+,E(ESA),C-,E(ESA),B-,AB(ESA),B,B-,AB(ESA),E(ESA),AB(ESA),AB(ESA),C,E(CA) & AB(ESA),AB(ESA),E(CA) & AB(ESA),E(CA) & AB(ESA),E(CA) & AB(ESA),E(CA) & AB(ESA),AB(ESA),E(ESA),AB(ESA),C-
EGT/19/448,A-,A,C+,B-,A+,A,B+,B+,A+,A,A+,A,B-,B+,A-,A+,B+,A-,B-,A-,B+,C+,B-,B+,B,A+,B-,B-,B-,A,B-,A-,B+,C,C+,B+,A-,B,B,C+,B+,A-,C+,B,B-,B,B+,B+,B+,C+,C+,B-
EGT/19/450,A,A,A-,B,A+,A+,A-,A+,A+,A-,A+,A,B+,A+,A-,B,B+,A,B,A,B-,B+,B,A-,C,A,B-,B-,A-,B+,B-,C,C,B-,B-,A+,B+,C+,A+,C,B,A,B+,B+,A-,A-,A-,A,A,A,B-,B+
EGT/19/456,A-,A-,C+,B+,A+,A+,A-,A,A+,B+,A-,A,B+,A-,B-,B,C,A-,B-,B,B-,B-,B+,B+,C,A-,B-,C,B,B-,B+,B,C,C+,B-,B+,B-,C,B,C,B-,A-,B-,B+,A-,C+,A-,B-,A,B+,B+,B
EGT/19/476,A-,A+,C+,B+,A+,A+,B,A-,A+,A-,A,A,B,B,A,B,B-,A,B,B+,B-,B+,B+,A+,B-,B+,C+,C,B,A,B-,B-,B,B-,A-,B,A+,C+,B-,C,B,A-,B-,B-,B,B-,B+,C+,A,C+,B+,B-
EGT/19/480,A+,A+,A-,B-,A,A+,B+,A+,B+,A+,A,A+,A,B,A-,C+,C,B,B,A-,B+,B-,A-,B+,D+,A+,C,B-,A+,A-,C,C,C,C,C+,A-,A-,C,A,C-,C,A+,C+,C,B-,C+,B-,B-,B-,C,C+,C
EGT/19/484,B,A+,A+,B-,A-,A+,B+,A,A+,A-,A+,A-,A,B+,B+,B+,B,B,B+,A-,A-,B+,C+,A,C,A,B,C,B,B,C+,B+,C,A-,A-,B+,B+,B-,B+,B-,B,A,B-,B-,A,B+,A,B+,A,C+,C+,C+
EGT/19/500,A,A+,A,B-,A-,A+,A-,A+,A+,B+,A+,A+,A,B+,A-,A+,A+,A+,A,A,A-,A+,A-,A+,B+,A-,A,A-,A+,A,A+,A+,A+,B+,B,A+,A,A,B+,A+,A+,A+,A,A+,A-,A+,A,A,A+,A,A+,A
EGT/19/506,B+,A-,A-,B,A+,A+,A-,A,A,A,A,A-,B+,B+,A-,A-,A-,A,B+,A+,B+,A,A-,A+,B-,A,A,B-,A+,A,B+,B-,B,B,A-,A,A+,C+,A,C,A,A+,A+,B+,A-,A+,A,A+,A,A-,A-,A+
EGT/19/507,A-,A+,A-,B,A,A+,B+,B+,A-,B+,A+,A,A-,B+,A,A+,A+,A-,B+,A+,B,A,B+,A+,B-,A+,A-,B,A-,A+,B+,A-,A,B,B+,A+,A+,A-,A,B+,A,A,B,B+,A+,A+,A+,A+,A,A,A-,B+
EGT/19/517,B+,A+,A,B+,A,A,B+,A-,B+,A,A+,A+,A+,B-,A-,A+,B,A+,A-,A+,A+,A,B,A+,B+,A+,A-,A,A+,A+,A,A-,A+,C+,C+,A+,B+,A+,B+,A,A+,A,A+,B+,A+,A+,A-,A+,A+,A+,A,A
EGT/19/521,B+,A+,B,B-,B+,A+,A-,A,A,A,A+,A,B+,B,B,C+,C+,B+,C,B+,B,B+,B-,B,C-,A,B-,B-,B+,C-,C,C-,B-,B+,B-,C+,B,C,B+,C-,C,A-,B+,C+,B+,A,B-,B+,C+,C+,C,B-
EGT/19/522,A-,A+,C,B-,A,A+,B,A+,A+,A-,A+,A,B-,B+,B+,B,B-,B+,B-,A-,B,B,B,A+,B-,A+,B-,A-,A,A,B-,B,B-,C+,B-,A+,B+,B-,B,B-,C,A-,B+,B+,A-,A-,A-,A,B+,C+,B,A-
EGT/19/526,A-,A+,A-,B,A+,A,B+,A-,A,B+,A+,B+,A-,B,B+,C+,A-,B+,C+,A-,B+,B+,B,A,B-,A-,B,B-,B+,B+,A-,B+,B-,B-,B,B+,A-,A-,B+,B-,C,A+,C+,B+,B+,B+,B-,A-,A,C+,A-,A-
EGT/19/528,A-,A-,A-,B,A,A,A-,A,A,A,A+,A,B+,B+,A-,A,B,B+,B-,A,B,B,B-,B+,B,A,A-,A-,A-,A,B-,B-,B+,B+,A-,A,A-,C+,C,B,B,A-,A-,B,A,A+,A-,B+,B+,B+,B-,B
EGT/19/533,A,A+,B+,B,A+,A+,B+,A-,A+,A+,A+,A+,A,B+,A,A+,A+,A+,A,A+,A,A,B+,A,A-,A+,A+,A+,A-,A+,A+,A+,A+,B-,A+,A+,A+,A+,A,A,A+,A,A+,A,A+,A,A-,A+,A,A,A+,A+
EGT/19/552,A-,A-,B-,B-,A-,A+,B-,A,A+,A+,A-,A+,B,B,B+,A-,B+,A+,B-,B,B+,B+,B,A,B-,A,B,A-,B,A,A-,A+,B-,B-,A-,B+,B+,A-,B,B-,B+,A+,B-,A-,A,B+,A-,B,B+,A,A-,B-
EGT/19/558,A,A+,A+,B-,A+,A+,B,A,A+,A-,A+,A+,A,A-,A-,A+,A+,A+,B+,A+,B,A+,B,A+,B+,A+,A-,B,B+,A+,A-,A,B-,B-,B+,A,A-,B+,B+,A+,A+,A,A,B+,A,A,A,A+,A,A+,A+,A-